{"cameraMode":{"drawMode":0,"name":"Shaded","section":"Shading Mode"},"sceneLighting":false,"audioPlay":false,"sceneViewState":{"showFog":true,"showMaterialUpdate":false,"showSkybox":false,"showFlares":true,"showImageEffects":true,"showParticleSystems":true},"in2DMode":false,"pivot":{"x":251.92845153808595,"y":9.607254981994629,"z":223.77928161621095},"rotation":{"x":0.008511783555150032,"y":0.9826302528381348,"z":-0.1794276237487793,"w":0.04661265015602112},"size":2.7558536529541017,"orthographic":false}