{"cameraMode":{"drawMode":0,"name":"Shaded","section":"Shading Mode"},"sceneLighting":true,"audioPlay":false,"sceneViewState":{"showFog":false,"showMaterialUpdate":false,"showSkybox":true,"showFlares":true,"showImageEffects":true,"showParticleSystems":true},"in2DMode":false,"pivot":{"x":155.35264587402345,"y":28.877925872802736,"z":216.5201416015625},"rotation":{"x":0.0803053230047226,"y":-0.45276927947998049,"z":0.041028376668691638,"w":0.8870955109596252},"size":26.240291595458986,"orthographic":false}