{"cameraMode":{"drawMode":0,"name":"Shaded","section":"Shading Mode"},"sceneLighting":true,"audioPlay":false,"sceneViewState":{"showFog":false,"showMaterialUpdate":false,"showSkybox":true,"showFlares":true,"showImageEffects":true,"showParticleSystems":true},"in2DMode":false,"pivot":{"x":625.5447998046875,"y":-227.49114990234376,"z":-131.403076171875},"rotation":{"x":-0.0983666330575943,"y":-0.8954440951347351,"z":0.24608077108860017,"w":-0.35777047276496889},"size":364.70526123046877,"orthographic":false}